{
  "bidderPosition": 4,
  "values": {
    "16": 9.488282435334476,
    "17": 8.801618346386913,
    "8": 8.36805879480476,
    "9": 5.102654315455273,
    "10": 5.598206942169126,
    "11": 12.76730442152399
  },
  "description": "Regional Bidder Setup with interest in licenses I, J, K, L, Q, R.",
  "allocationLimit": {
    "kind": "BundleSizeAllocationLimit",
    "good1": [
      "46914d0e-9bdd-43bb-9507-6f7e47499546",
      "96cb6f42-d41a-4a32-ab9a-b683a9b7b2f9",
      "816e4de0-5725-4085-851f-ee4e49e1e204",
      "f80f88b1-7d0c-4718-aa2f-9c1b11725570",
      "06042d18-39f2-4d4c-b780-9aa9796b0ff9",
      "78bd4117-42de-4128-9716-2bd6560c1488",
      "80a05c8d-dd11-4181-8830-0122007f8113",
      "7071cce5-c081-4454-b0bf-92712d1c7d2f",
      "ade1bf40-6866-4d52-8405-7e9138956475",
      "2ec74e2c-ec84-48bc-84a5-18dbbe39f581",
      "f2c454a3-8e33-4079-a2c3-3eb74c74a2f1",
      "7ed6b6a2-ca44-4153-8e77-f291c1e85bdf",
      "8333435a-879f-4479-b9e0-38d41ec57443",
      "63ff28e9-4ef8-4cdb-b2a6-e26bd5df6a41",
      "efc91dba-d4e9-4a1b-b8c1-4723a74ad99c",
      "13ef8d58-8475-4ef1-82d8-a2a7cd075d55",
      "94e1f1f6-b7bd-43b1-88bd-670d8698c659",
      "84e4f529-6aa6-462c-b002-851165971bf7"
    ],
    "numberOfItems": 4
  },
  "setupType": "Regional Bidder Setup",
  "uuid": "6286a32c-5c39-41a3-919e-fee02ea44266",
  "population": 0,
  "id": 4,
  "worldId": 33,
  "strategies": {},
  "mipInstrumentation": {},
  "implementation": "org.spectrumauctions.sats.core.model.gsvm.GSVMBidder"
}