{
  "bidderPosition": -1,
  "values": {
    "0": 9.366755320853143,
    "1": 1.1096905969013526,
    "2": 4.739636728626454,
    "3": 3.9042610303985272,
    "4": 0.49712609734590574,
    "5": 11.970061479379481,
    "6": 19.142930945157687,
    "7": 2.2536838477769416,
    "8": 7.014341898373619,
    "9": 8.921301211918752,
    "10": 2.56053497149759,
    "11": 6.243239089605862
  },
  "description": "National Bidder Setup with interest in licenses A, B, C, D, E, F, G, H, I, J, K, L.",
  "allocationLimit": {
    "kind": "GoodAllocationLimit",
    "good1": [
      "46914d0e-9bdd-43bb-9507-6f7e47499546",
      "96cb6f42-d41a-4a32-ab9a-b683a9b7b2f9",
      "816e4de0-5725-4085-851f-ee4e49e1e204",
      "f80f88b1-7d0c-4718-aa2f-9c1b11725570",
      "06042d18-39f2-4d4c-b780-9aa9796b0ff9",
      "78bd4117-42de-4128-9716-2bd6560c1488",
      "80a05c8d-dd11-4181-8830-0122007f8113",
      "7071cce5-c081-4454-b0bf-92712d1c7d2f",
      "ade1bf40-6866-4d52-8405-7e9138956475",
      "2ec74e2c-ec84-48bc-84a5-18dbbe39f581",
      "f2c454a3-8e33-4079-a2c3-3eb74c74a2f1",
      "7ed6b6a2-ca44-4153-8e77-f291c1e85bdf",
      "8333435a-879f-4479-b9e0-38d41ec57443",
      "63ff28e9-4ef8-4cdb-b2a6-e26bd5df6a41",
      "efc91dba-d4e9-4a1b-b8c1-4723a74ad99c",
      "13ef8d58-8475-4ef1-82d8-a2a7cd075d55",
      "94e1f1f6-b7bd-43b1-88bd-670d8698c659",
      "84e4f529-6aa6-462c-b002-851165971bf7"
    ],
    "good2": [
      "46914d0e-9bdd-43bb-9507-6f7e47499546",
      "96cb6f42-d41a-4a32-ab9a-b683a9b7b2f9",
      "816e4de0-5725-4085-851f-ee4e49e1e204",
      "f80f88b1-7d0c-4718-aa2f-9c1b11725570",
      "06042d18-39f2-4d4c-b780-9aa9796b0ff9",
      "78bd4117-42de-4128-9716-2bd6560c1488",
      "80a05c8d-dd11-4181-8830-0122007f8113",
      "7071cce5-c081-4454-b0bf-92712d1c7d2f",
      "ade1bf40-6866-4d52-8405-7e9138956475",
      "2ec74e2c-ec84-48bc-84a5-18dbbe39f581",
      "f2c454a3-8e33-4079-a2c3-3eb74c74a2f1",
      "7ed6b6a2-ca44-4153-8e77-f291c1e85bdf"
    ],
    "numberOfItems": 0
  },
  "setupType": "National Bidder Setup",
  "uuid": "5ebc85a6-2306-4ee4-b1c0-6db9c29d0f36",
  "population": 0,
  "id": 6,
  "worldId": 33,
  "strategies": {},
  "mipInstrumentation": {},
  "implementation": "org.spectrumauctions.sats.core.model.gsvm.GSVMBidder"
}