{
  "bidderPosition": -1,
  "values": {
    "0": 3.6968037623695658,
    "1": 5.058676653357291,
    "2": 4.112133671042532,
    "3": 3.605962872432862,
    "4": 2.3945704019555736,
    "5": 16.349739023314548,
    "6": 18.77051633066414,
    "7": 15.362411712809074,
    "8": 6.8412139580544915,
    "9": 9.85158850513022,
    "10": 5.046621416518381,
    "11": 8.658118028796943
  },
  "description": "National Bidder Setup with interest in licenses A, B, C, D, E, F, G, H, I, J, K, L.",
  "allocationLimit": {
    "kind": "GoodAllocationLimit",
    "good1": [
      "2decc148-eae8-4555-9d4b-740caccee513",
      "58881c7f-7484-485d-9931-493ff225fecc",
      "27c88820-f725-4343-aa94-d2a170936806",
      "5287cca6-38bd-42c3-abf7-8dc9ff4736d5",
      "247abc66-f850-40b9-a251-3a0515016c50",
      "42f2e48a-c4d5-4e31-ac52-ca04bf7306e3",
      "eb001e17-aeae-4920-a786-b85ce2dde4c4",
      "214ea8f8-28d1-4b8d-b017-35c3f90c01e3",
      "4b7ba406-adcd-4b27-bbd9-f8e2e7ded62f",
      "d3aaba1e-b975-4979-80eb-226aab887f22",
      "79f672cd-d245-4f7c-b201-20bc451f6f5d",
      "db849033-28a8-4d61-a67d-67beb9134b0d",
      "687f0042-c5e5-4d6b-85ed-8cf73aa21d2e",
      "b27cbfd9-eb20-4345-9e36-425d81310884",
      "1cb1ed27-4d98-4c22-9cdb-cb6513d93300",
      "265ca3b8-0315-45ca-ae5e-d069e13f33f8",
      "83bc3bf9-2495-4263-a335-55fcb72c41a8",
      "ea414554-248d-4d15-ae0e-85af5a1df5b2"
    ],
    "good2": [
      "2decc148-eae8-4555-9d4b-740caccee513",
      "58881c7f-7484-485d-9931-493ff225fecc",
      "27c88820-f725-4343-aa94-d2a170936806",
      "5287cca6-38bd-42c3-abf7-8dc9ff4736d5",
      "247abc66-f850-40b9-a251-3a0515016c50",
      "42f2e48a-c4d5-4e31-ac52-ca04bf7306e3",
      "eb001e17-aeae-4920-a786-b85ce2dde4c4",
      "214ea8f8-28d1-4b8d-b017-35c3f90c01e3",
      "4b7ba406-adcd-4b27-bbd9-f8e2e7ded62f",
      "d3aaba1e-b975-4979-80eb-226aab887f22",
      "79f672cd-d245-4f7c-b201-20bc451f6f5d",
      "db849033-28a8-4d61-a67d-67beb9134b0d"
    ],
    "numberOfItems": 0
  },
  "setupType": "National Bidder Setup",
  "uuid": "1d36fef4-755b-4196-99ed-4478f092621c",
  "population": 0,
  "id": 6,
  "worldId": 1,
  "strategies": {},
  "mipInstrumentation": {},
  "implementation": "org.spectrumauctions.sats.core.model.gsvm.GSVMBidder"
}