{
  "bidderPosition": 3,
  "values": {
    "16": 15.03736395392546,
    "6": 39.42996773004358,
    "7": 24.169009375852042,
    "8": 2.10463828453346,
    "9": 1.439203076426634,
    "15": 8.90120335841649
  },
  "description": "Regional Bidder Setup with interest in licenses G, H, I, J, P, Q.",
  "allocationLimit": {
    "kind": "BundleSizeAllocationLimit",
    "good1": [
      "ad96602b-5f90-4cce-8143-b92f8d49d8a0",
      "1ce32508-7f88-45b1-a277-fbd61fc68340",
      "0cb0f06c-914a-43a8-9270-7e0bf84dd71d",
      "99a01972-8bee-4704-b135-c1cc10976817",
      "be875f60-6ee5-42bd-986e-4274a3dddf69",
      "8f862941-0df8-4d64-be22-02bc3f315211",
      "35c8a93d-40a0-4163-836b-90675ea58acc",
      "70b9edee-4913-4165-bec3-7b06b2e4f59a",
      "1ecaf22c-b183-47a0-a31c-3fab425d1d06",
      "6e45d528-d903-457d-9b46-ebd37b86d153",
      "3c202da4-0dfc-49a2-b0e6-dc96f302e6fb",
      "6b5714b7-b78a-4c8a-bc32-aadb1cc3f50c",
      "6ac67d45-83fa-469b-a428-3240360a58aa",
      "22eb82ec-7129-4705-8841-cbeced801d58",
      "5000c359-9348-4687-a1f3-163960815586",
      "520cd03e-bb06-427e-9c2f-9607bd07708d",
      "8edfe004-2226-46ba-98d3-40894a9e4d6d",
      "7f1d01ac-176a-4db0-afb2-44e522e0b5dc"
    ],
    "numberOfItems": 4
  },
  "setupType": "Regional Bidder Setup",
  "uuid": "d443465b-ffa1-4a0f-920d-dcce122a8324",
  "population": 0,
  "id": 3,
  "worldId": 26,
  "strategies": {},
  "mipInstrumentation": {},
  "implementation": "org.spectrumauctions.sats.core.model.gsvm.GSVMBidder"
}