{
  "bidderPosition": -1,
  "values": {
    "0": 3.6968037623695658,
    "1": 5.058676653357291,
    "2": 4.112133671042532,
    "3": 3.605962872432862,
    "4": 2.3945704019555736,
    "5": 16.349739023314548,
    "6": 18.77051633066414,
    "7": 15.362411712809074,
    "8": 6.8412139580544915,
    "9": 9.85158850513022,
    "10": 5.046621416518381,
    "11": 8.658118028796943
  },
  "description": "National Bidder Setup with interest in licenses A, B, C, D, E, F, G, H, I, J, K, L.",
  "allocationLimit": {
    "kind": "GoodAllocationLimit",
    "good1": [
      "ad96602b-5f90-4cce-8143-b92f8d49d8a0",
      "1ce32508-7f88-45b1-a277-fbd61fc68340",
      "0cb0f06c-914a-43a8-9270-7e0bf84dd71d",
      "99a01972-8bee-4704-b135-c1cc10976817",
      "be875f60-6ee5-42bd-986e-4274a3dddf69",
      "8f862941-0df8-4d64-be22-02bc3f315211",
      "35c8a93d-40a0-4163-836b-90675ea58acc",
      "70b9edee-4913-4165-bec3-7b06b2e4f59a",
      "1ecaf22c-b183-47a0-a31c-3fab425d1d06",
      "6e45d528-d903-457d-9b46-ebd37b86d153",
      "3c202da4-0dfc-49a2-b0e6-dc96f302e6fb",
      "6b5714b7-b78a-4c8a-bc32-aadb1cc3f50c",
      "6ac67d45-83fa-469b-a428-3240360a58aa",
      "22eb82ec-7129-4705-8841-cbeced801d58",
      "5000c359-9348-4687-a1f3-163960815586",
      "520cd03e-bb06-427e-9c2f-9607bd07708d",
      "8edfe004-2226-46ba-98d3-40894a9e4d6d",
      "7f1d01ac-176a-4db0-afb2-44e522e0b5dc"
    ],
    "good2": [
      "ad96602b-5f90-4cce-8143-b92f8d49d8a0",
      "1ce32508-7f88-45b1-a277-fbd61fc68340",
      "0cb0f06c-914a-43a8-9270-7e0bf84dd71d",
      "99a01972-8bee-4704-b135-c1cc10976817",
      "be875f60-6ee5-42bd-986e-4274a3dddf69",
      "8f862941-0df8-4d64-be22-02bc3f315211",
      "35c8a93d-40a0-4163-836b-90675ea58acc",
      "70b9edee-4913-4165-bec3-7b06b2e4f59a",
      "1ecaf22c-b183-47a0-a31c-3fab425d1d06",
      "6e45d528-d903-457d-9b46-ebd37b86d153",
      "3c202da4-0dfc-49a2-b0e6-dc96f302e6fb",
      "6b5714b7-b78a-4c8a-bc32-aadb1cc3f50c"
    ],
    "numberOfItems": 0
  },
  "setupType": "National Bidder Setup",
  "uuid": "d36e4209-121a-4bf7-86d6-46a241581c3c",
  "population": 0,
  "id": 6,
  "worldId": 26,
  "strategies": {},
  "mipInstrumentation": {},
  "implementation": "org.spectrumauctions.sats.core.model.gsvm.GSVMBidder"
}