{
  "bidderPosition": -1,
  "values": {
    "0": 3.6968037623695658,
    "1": 5.058676653357291,
    "2": 4.112133671042532,
    "3": 3.605962872432862,
    "4": 2.3945704019555736,
    "5": 16.349739023314548,
    "6": 18.77051633066414,
    "7": 15.362411712809074,
    "8": 6.8412139580544915,
    "9": 9.85158850513022,
    "10": 5.046621416518381,
    "11": 8.658118028796943
  },
  "description": "National Bidder Setup with interest in licenses A, B, C, D, E, F, G, H, I, J, K, L.",
  "allocationLimit": {
    "kind": "GoodAllocationLimit",
    "good1": [
      "6e894142-f4b6-4d8b-904b-a3676f8950b8",
      "f75a0b0d-d80c-48bc-bb96-e379fa2e98d5",
      "027fdd57-277d-48a8-acc6-ad57b996ee6e",
      "61e0fe5c-15ea-4b53-b31f-f5ef851e8cbe",
      "479232f3-f01f-4df9-944b-02db652c8fff",
      "da0bccca-7f52-4c5c-83c6-ab22d2434735",
      "40eca560-c39f-4f53-9274-0afc95749b59",
      "f678d813-f906-4ce1-a8ce-4b04a97f1254",
      "977802bf-3fbb-40af-9a2b-6c5d3f3a3a84",
      "b555504e-2105-4ac7-812d-e7cf3846920a",
      "90aac4fe-3eaf-4879-af37-40d698bac0f2",
      "31bba64a-582b-49f5-9c8f-e82e7f9f0495",
      "df1ddbda-3579-40b6-bd42-eed866bf85c1",
      "6e4890d9-b6e7-47b8-8e28-675fdc4a23ef",
      "3315a5cb-5298-4d3f-9716-e18839ecf975",
      "5cb579a7-e641-4aa5-a36a-03e2dfaf4dad",
      "7d61f174-2498-463a-9cad-424702358285",
      "b99bc249-9abe-4e92-884e-c7f71f11e0d7"
    ],
    "good2": [
      "6e894142-f4b6-4d8b-904b-a3676f8950b8",
      "f75a0b0d-d80c-48bc-bb96-e379fa2e98d5",
      "027fdd57-277d-48a8-acc6-ad57b996ee6e",
      "61e0fe5c-15ea-4b53-b31f-f5ef851e8cbe",
      "479232f3-f01f-4df9-944b-02db652c8fff",
      "da0bccca-7f52-4c5c-83c6-ab22d2434735",
      "40eca560-c39f-4f53-9274-0afc95749b59",
      "f678d813-f906-4ce1-a8ce-4b04a97f1254",
      "977802bf-3fbb-40af-9a2b-6c5d3f3a3a84",
      "b555504e-2105-4ac7-812d-e7cf3846920a",
      "90aac4fe-3eaf-4879-af37-40d698bac0f2",
      "31bba64a-582b-49f5-9c8f-e82e7f9f0495"
    ],
    "numberOfItems": 0
  },
  "setupType": "National Bidder Setup",
  "uuid": "be9c4a68-3e46-4cbc-8eb0-7f502ac167fe",
  "population": 0,
  "id": 6,
  "worldId": 32,
  "strategies": {},
  "mipInstrumentation": {},
  "implementation": "org.spectrumauctions.sats.core.model.gsvm.GSVMBidder"
}