{
  "bidderPosition": -1,
  "values": {
    "0": 9.82318219706144,
    "1": 7.435289678045843,
    "2": 5.948349348332576,
    "3": 0.9595362277351505,
    "4": 15.76067923373512,
    "5": 9.30237744822216,
    "6": 17.90089391231242,
    "7": 18.2743022597965,
    "8": 8.870782121397385,
    "9": 8.424419115093032,
    "10": 0.16058160227691465,
    "11": 4.901531724290802
  },
  "description": "National Bidder Setup with interest in licenses A, B, C, D, E, F, G, H, I, J, K, L.",
  "allocationLimit": {
    "kind": "GoodAllocationLimit",
    "good1": [
      "db84cf75-9ef5-447b-9b48-a0aa2b797f10",
      "975b4b62-f3a0-46ef-a449-b21b36fdde0d",
      "537df3a3-831f-4323-98b4-61b192b40bd7",
      "b8f04287-822d-4abb-a35e-5ca3f7379ba8",
      "0720e231-674d-4af8-a60c-bff237e8cc64",
      "dc81b853-5435-4018-af00-300616b3bd8b",
      "7c7010a1-6605-4c1b-99c5-d9890df52415",
      "4d106c63-0b4d-47e1-b233-2b4551afab62",
      "16bd9596-a702-48a3-8706-a8d488dd54df",
      "bf241897-c407-4a5d-b787-fc926bfb174f",
      "d7aa1b91-8c1b-4679-9d19-8201d646d86d",
      "9dc28dd1-03d4-4efd-afba-ecb1748c1785",
      "131f41db-40ba-476d-9f25-4fca636436c2",
      "74f9967d-144a-4bb9-b3bf-a95d286f971a",
      "5e0aca19-8860-4544-af19-0aa8a2f4a7ee",
      "36e0a8e4-2c60-435c-b619-13b0ced5552d",
      "c9cc1a19-0424-4859-8b4a-3b182f11342d",
      "558b6552-013f-49e4-81a9-f722fe3804df"
    ],
    "good2": [
      "db84cf75-9ef5-447b-9b48-a0aa2b797f10",
      "975b4b62-f3a0-46ef-a449-b21b36fdde0d",
      "537df3a3-831f-4323-98b4-61b192b40bd7",
      "b8f04287-822d-4abb-a35e-5ca3f7379ba8",
      "0720e231-674d-4af8-a60c-bff237e8cc64",
      "dc81b853-5435-4018-af00-300616b3bd8b",
      "7c7010a1-6605-4c1b-99c5-d9890df52415",
      "4d106c63-0b4d-47e1-b233-2b4551afab62",
      "16bd9596-a702-48a3-8706-a8d488dd54df",
      "bf241897-c407-4a5d-b787-fc926bfb174f",
      "d7aa1b91-8c1b-4679-9d19-8201d646d86d",
      "9dc28dd1-03d4-4efd-afba-ecb1748c1785"
    ],
    "numberOfItems": 0
  },
  "setupType": "National Bidder Setup",
  "uuid": "a3b3294e-f40d-466b-b605-e275e9c7d921",
  "population": 0,
  "id": 6,
  "worldId": 21,
  "strategies": {},
  "mipInstrumentation": {},
  "implementation": "org.spectrumauctions.sats.core.model.gsvm.GSVMBidder"
}