{
  "bidderPosition": 3,
  "values": {
    "16": 7.08260481535381,
    "6": 31.913650416822932,
    "7": 32.31221007307911,
    "8": 0.7239018754291626,
    "9": 17.887986406097067,
    "15": 7.362711269784608
  },
  "description": "Regional Bidder Setup with interest in licenses G, H, I, J, P, Q.",
  "allocationLimit": {
    "kind": "BundleSizeAllocationLimit",
    "good1": [
      "caa828de-24ac-4453-9969-cc58b8bdeca6",
      "b082d600-caf1-48e6-9ecb-15c2c5ca88ba",
      "b8129f12-1853-4604-8689-44e41dfd73ac",
      "d26e8493-e306-458f-9a40-f17e2bbead4f",
      "aae7966b-83c9-4c12-9b81-a6fac54fae78",
      "29d97b88-a6f6-43d3-a33d-e77d68bdfa99",
      "4db4bd82-8899-4f60-9c88-7d17f129e2d3",
      "e848e07d-85cb-4277-8c9c-e5cd274baa68",
      "1f1a4633-b717-4463-aed1-b1b8b690a186",
      "d6a8175c-3c16-49b7-97ec-93805093a772",
      "742d699e-e670-4913-903f-81cfea938035",
      "4f1b9074-c707-43ec-8854-22494d669e11",
      "08904717-71ff-4d88-b7e2-30d359852d7d",
      "ccbe7abe-1e03-4f7c-90d1-5f73bf3ace86",
      "923d72d6-ab5e-4789-9645-e06cceb48349",
      "4be5b2bf-9e35-40a2-a662-f54d34081134",
      "25276a5d-2bb0-4f67-8978-cc590a487e1d",
      "c26926b6-b341-4072-9415-dab3fa60ba89"
    ],
    "numberOfItems": 4
  },
  "setupType": "Regional Bidder Setup",
  "uuid": "1158225d-fe3f-49c5-a4c4-5c2ba35bfa6e",
  "population": 0,
  "id": 3,
  "worldId": 40,
  "strategies": {},
  "mipInstrumentation": {},
  "implementation": "org.spectrumauctions.sats.core.model.gsvm.GSVMBidder"
}