{
  "bidderPosition": -1,
  "values": {
    "0": 9.366755320853143,
    "1": 1.1096905969013526,
    "2": 4.739636728626454,
    "3": 3.9042610303985272,
    "4": 0.49712609734590574,
    "5": 11.970061479379481,
    "6": 19.142930945157687,
    "7": 2.2536838477769416,
    "8": 7.014341898373619,
    "9": 8.921301211918752,
    "10": 2.56053497149759,
    "11": 6.243239089605862
  },
  "description": "National Bidder Setup with interest in licenses A, B, C, D, E, F, G, H, I, J, K, L.",
  "allocationLimit": {
    "kind": "GoodAllocationLimit",
    "good1": [
      "caa828de-24ac-4453-9969-cc58b8bdeca6",
      "b082d600-caf1-48e6-9ecb-15c2c5ca88ba",
      "b8129f12-1853-4604-8689-44e41dfd73ac",
      "d26e8493-e306-458f-9a40-f17e2bbead4f",
      "aae7966b-83c9-4c12-9b81-a6fac54fae78",
      "29d97b88-a6f6-43d3-a33d-e77d68bdfa99",
      "4db4bd82-8899-4f60-9c88-7d17f129e2d3",
      "e848e07d-85cb-4277-8c9c-e5cd274baa68",
      "1f1a4633-b717-4463-aed1-b1b8b690a186",
      "d6a8175c-3c16-49b7-97ec-93805093a772",
      "742d699e-e670-4913-903f-81cfea938035",
      "4f1b9074-c707-43ec-8854-22494d669e11",
      "08904717-71ff-4d88-b7e2-30d359852d7d",
      "ccbe7abe-1e03-4f7c-90d1-5f73bf3ace86",
      "923d72d6-ab5e-4789-9645-e06cceb48349",
      "4be5b2bf-9e35-40a2-a662-f54d34081134",
      "25276a5d-2bb0-4f67-8978-cc590a487e1d",
      "c26926b6-b341-4072-9415-dab3fa60ba89"
    ],
    "good2": [
      "caa828de-24ac-4453-9969-cc58b8bdeca6",
      "b082d600-caf1-48e6-9ecb-15c2c5ca88ba",
      "b8129f12-1853-4604-8689-44e41dfd73ac",
      "d26e8493-e306-458f-9a40-f17e2bbead4f",
      "aae7966b-83c9-4c12-9b81-a6fac54fae78",
      "29d97b88-a6f6-43d3-a33d-e77d68bdfa99",
      "4db4bd82-8899-4f60-9c88-7d17f129e2d3",
      "e848e07d-85cb-4277-8c9c-e5cd274baa68",
      "1f1a4633-b717-4463-aed1-b1b8b690a186",
      "d6a8175c-3c16-49b7-97ec-93805093a772",
      "742d699e-e670-4913-903f-81cfea938035",
      "4f1b9074-c707-43ec-8854-22494d669e11"
    ],
    "numberOfItems": 0
  },
  "setupType": "National Bidder Setup",
  "uuid": "25540b87-8305-409f-a78c-67a7c99eb90d",
  "population": 0,
  "id": 6,
  "worldId": 40,
  "strategies": {},
  "mipInstrumentation": {},
  "implementation": "org.spectrumauctions.sats.core.model.gsvm.GSVMBidder"
}