{
  "bidderPosition": -1,
  "values": {
    "0": 5.403284826346747,
    "1": 9.818334726234026,
    "2": 7.554583676833248,
    "3": 3.212710303601347,
    "4": 3.0799483410748607,
    "5": 3.4931900288936624,
    "6": 16.016347947710244,
    "7": 7.823667402680188,
    "8": 9.074171507140305,
    "9": 8.266644495349642,
    "10": 5.869331840613263,
    "11": 5.307113708509094
  },
  "description": "National Bidder Setup with interest in licenses A, B, C, D, E, F, G, H, I, J, K, L.",
  "allocationLimit": {
    "kind": "GoodAllocationLimit",
    "good1": [
      "3a533f2a-2511-4801-a137-7dec521b8633",
      "ffa3c05b-d204-4b14-aa6d-6c63ca05dabb",
      "a8cdc9a0-6158-409f-8597-68aff5357828",
      "b891605a-471c-4758-bb3d-49db02ba6ea8",
      "ec150db4-ff31-4014-97ea-ee9ea30ed257",
      "fbd2f1cb-e3a0-4a5f-8c8e-ec4c86acfa6c",
      "a7f7f709-06a0-4bb2-bb50-799ec8e0b0f8",
      "131f7f34-9e9f-4a7b-b8a8-11eb7988ec37",
      "8ceb5624-d49b-416b-be3e-131ee35afc66",
      "7317afec-89d6-4bd5-b385-a9da28233704",
      "1e64e24a-ba36-4ba8-961c-e5140a1c0ffd",
      "41a0920c-4931-4960-ae01-f2655ed4e6d2",
      "2f0df896-74af-4b93-b8fb-b305caf9cb14",
      "50b186f9-7371-43ef-ad9d-c509140dbb76",
      "5c42526b-4c1a-4fec-8ebd-d5e67f812e17",
      "05384ef2-dbf4-48cb-b523-2b9b3503d227",
      "64cc9d32-e4ce-48f0-b886-c14d51141aa9",
      "af26aeab-9297-4a99-8694-a2c1c75f8e4f"
    ],
    "good2": [
      "3a533f2a-2511-4801-a137-7dec521b8633",
      "ffa3c05b-d204-4b14-aa6d-6c63ca05dabb",
      "a8cdc9a0-6158-409f-8597-68aff5357828",
      "b891605a-471c-4758-bb3d-49db02ba6ea8",
      "ec150db4-ff31-4014-97ea-ee9ea30ed257",
      "fbd2f1cb-e3a0-4a5f-8c8e-ec4c86acfa6c",
      "a7f7f709-06a0-4bb2-bb50-799ec8e0b0f8",
      "131f7f34-9e9f-4a7b-b8a8-11eb7988ec37",
      "8ceb5624-d49b-416b-be3e-131ee35afc66",
      "7317afec-89d6-4bd5-b385-a9da28233704",
      "1e64e24a-ba36-4ba8-961c-e5140a1c0ffd",
      "41a0920c-4931-4960-ae01-f2655ed4e6d2"
    ],
    "numberOfItems": 0
  },
  "setupType": "National Bidder Setup",
  "uuid": "4678c892-f401-40f5-9f14-2c7ec38529c2",
  "population": 0,
  "id": 6,
  "worldId": 43,
  "strategies": {},
  "mipInstrumentation": {},
  "implementation": "org.spectrumauctions.sats.core.model.gsvm.GSVMBidder"
}