{
  "bidderPosition": -1,
  "values": {
    "0": 9.82318219706144,
    "1": 7.435289678045843,
    "2": 5.948349348332576,
    "3": 0.9595362277351505,
    "4": 15.76067923373512,
    "5": 9.30237744822216,
    "6": 17.90089391231242,
    "7": 18.2743022597965,
    "8": 8.870782121397385,
    "9": 8.424419115093032,
    "10": 0.16058160227691465,
    "11": 4.901531724290802
  },
  "description": "National Bidder Setup with interest in licenses A, B, C, D, E, F, G, H, I, J, K, L.",
  "allocationLimit": {
    "kind": "GoodAllocationLimit",
    "good1": [
      "7fe752ea-9ac8-4c6d-ae62-9dc5f15b7462",
      "82b327de-f9dc-4f17-a416-d8937013d85f",
      "74a7f564-449c-439a-8315-96f559ee8d82",
      "5c5c3529-8e2c-4b73-aceb-1b44555f2e27",
      "096c234c-6c2b-4dc5-91c8-a6491c3f02b2",
      "bd8d9f11-2a8a-4ed6-82c2-383b1f9cd1d0",
      "8019c3cf-3a46-4849-ba7a-db446aefe22a",
      "c163bc22-d3ad-4940-9fba-97ee691ee1d0",
      "5b2c2fd0-ee38-47a1-a424-9e6e0c2eb4f9",
      "b050c5b7-ea1a-4986-976f-7b17eb40072f",
      "d0dd5c0d-ac4a-4afb-ac5a-ddabe373697d",
      "8ccd1374-7699-4178-bfb4-d408d6195d1c",
      "df1b1b6b-abe6-44ee-a816-9c4380e51d46",
      "bd7a96a6-603d-43cc-ac2d-d8299d9823b3",
      "21be900b-9a25-4c39-846d-69a539116203",
      "83124a7c-1570-43e5-9cdf-0067238afb5d",
      "5e45a98f-7f1a-41b2-90dd-22c465a94fe7",
      "04e67f38-e134-4c64-8bf3-c39e390f660e"
    ],
    "good2": [
      "7fe752ea-9ac8-4c6d-ae62-9dc5f15b7462",
      "82b327de-f9dc-4f17-a416-d8937013d85f",
      "74a7f564-449c-439a-8315-96f559ee8d82",
      "5c5c3529-8e2c-4b73-aceb-1b44555f2e27",
      "096c234c-6c2b-4dc5-91c8-a6491c3f02b2",
      "bd8d9f11-2a8a-4ed6-82c2-383b1f9cd1d0",
      "8019c3cf-3a46-4849-ba7a-db446aefe22a",
      "c163bc22-d3ad-4940-9fba-97ee691ee1d0",
      "5b2c2fd0-ee38-47a1-a424-9e6e0c2eb4f9",
      "b050c5b7-ea1a-4986-976f-7b17eb40072f",
      "d0dd5c0d-ac4a-4afb-ac5a-ddabe373697d",
      "8ccd1374-7699-4178-bfb4-d408d6195d1c"
    ],
    "numberOfItems": 0
  },
  "setupType": "National Bidder Setup",
  "uuid": "48359f78-8172-4839-9356-888b85366af1",
  "population": 0,
  "id": 6,
  "worldId": 13,
  "strategies": {},
  "mipInstrumentation": {},
  "implementation": "org.spectrumauctions.sats.core.model.gsvm.GSVMBidder"
}