{
  "bidderPosition": -1,
  "values": {
    "0": 4.939850773668849,
    "1": 4.782511639223722,
    "2": 1.354998096278982,
    "3": 4.319586360790565,
    "4": 8.665495614967263,
    "5": 1.4773217128875515,
    "6": 19.8270098537979,
    "7": 1.0788309032911214,
    "8": 6.162690409416919,
    "9": 0.6138386614191538,
    "10": 2.081019706843704,
    "11": 0.28988316040848394
  },
  "description": "National Bidder Setup with interest in licenses A, B, C, D, E, F, G, H, I, J, K, L.",
  "allocationLimit": {
    "kind": "GoodAllocationLimit",
    "good1": [
      "65b05fa7-6a01-47d2-8fe9-88a31c1c34a6",
      "7b360580-d9da-46c3-946c-26e08500aade",
      "5c455220-a41a-42e4-99c9-349e98afda67",
      "087e0683-1d53-4c1c-b6fd-7814d644cad7",
      "f0940c6f-e6c0-481a-bc4f-f6429a824246",
      "7cbfae9d-2e03-45d7-a8e1-8f40bab427ac",
      "608cea8b-4821-4fec-8207-7ce449c95b08",
      "51f343f6-c084-40f3-a756-8c4d27afc2b2",
      "2972dca8-017c-41ef-bb3a-60d4c33fa98b",
      "5bf36629-e589-4d63-8298-c0652917ee65",
      "00996335-6007-41ee-8c45-13830b0a1e5c",
      "e415a292-e594-4ed1-a802-649483c31078",
      "7e0f593e-f265-40ea-84d1-fe2e7115e155",
      "6dce9533-7cd1-4907-b3ba-0738a37036b1",
      "68457dcd-ade0-4a54-8dd3-15855a01c31b",
      "12fdd128-296c-4116-8c8d-0032b4bec073",
      "0ba8bb5b-20a5-4c29-8ab9-946aca427948",
      "5747f9c9-f261-4308-9ffe-5fa92306a1ca"
    ],
    "good2": [
      "65b05fa7-6a01-47d2-8fe9-88a31c1c34a6",
      "7b360580-d9da-46c3-946c-26e08500aade",
      "5c455220-a41a-42e4-99c9-349e98afda67",
      "087e0683-1d53-4c1c-b6fd-7814d644cad7",
      "f0940c6f-e6c0-481a-bc4f-f6429a824246",
      "7cbfae9d-2e03-45d7-a8e1-8f40bab427ac",
      "608cea8b-4821-4fec-8207-7ce449c95b08",
      "51f343f6-c084-40f3-a756-8c4d27afc2b2",
      "2972dca8-017c-41ef-bb3a-60d4c33fa98b",
      "5bf36629-e589-4d63-8298-c0652917ee65",
      "00996335-6007-41ee-8c45-13830b0a1e5c",
      "e415a292-e594-4ed1-a802-649483c31078"
    ],
    "numberOfItems": 0
  },
  "setupType": "National Bidder Setup",
  "uuid": "a3ebbe91-a571-4469-91f3-02beb197919b",
  "population": 0,
  "id": 6,
  "worldId": 37,
  "strategies": {},
  "mipInstrumentation": {},
  "implementation": "org.spectrumauctions.sats.core.model.gsvm.GSVMBidder"
}