{
  "bidderPosition": 0,
  "values": {
    "0": 19.260500932215642,
    "1": 15.85576536450512,
    "2": 9.638359335862944,
    "3": 18.220465313711934,
    "12": 11.967467838473475,
    "13": 17.86006513627497
  },
  "description": "Regional Bidder Setup with interest in licenses A, B, C, D, M, N.",
  "allocationLimit": {
    "kind": "BundleSizeAllocationLimit",
    "good1": [
      "65b05fa7-6a01-47d2-8fe9-88a31c1c34a6",
      "7b360580-d9da-46c3-946c-26e08500aade",
      "5c455220-a41a-42e4-99c9-349e98afda67",
      "087e0683-1d53-4c1c-b6fd-7814d644cad7",
      "f0940c6f-e6c0-481a-bc4f-f6429a824246",
      "7cbfae9d-2e03-45d7-a8e1-8f40bab427ac",
      "608cea8b-4821-4fec-8207-7ce449c95b08",
      "51f343f6-c084-40f3-a756-8c4d27afc2b2",
      "2972dca8-017c-41ef-bb3a-60d4c33fa98b",
      "5bf36629-e589-4d63-8298-c0652917ee65",
      "00996335-6007-41ee-8c45-13830b0a1e5c",
      "e415a292-e594-4ed1-a802-649483c31078",
      "7e0f593e-f265-40ea-84d1-fe2e7115e155",
      "6dce9533-7cd1-4907-b3ba-0738a37036b1",
      "68457dcd-ade0-4a54-8dd3-15855a01c31b",
      "12fdd128-296c-4116-8c8d-0032b4bec073",
      "0ba8bb5b-20a5-4c29-8ab9-946aca427948",
      "5747f9c9-f261-4308-9ffe-5fa92306a1ca"
    ],
    "numberOfItems": 4
  },
  "setupType": "Regional Bidder Setup",
  "uuid": "59317226-7c9b-443e-9f0a-925e1eafdc84",
  "population": 0,
  "id": 0,
  "worldId": 37,
  "strategies": {},
  "mipInstrumentation": {},
  "implementation": "org.spectrumauctions.sats.core.model.gsvm.GSVMBidder"
}