{
  "bidderPosition": -1,
  "values": {
    "0": 3.6968037623695658,
    "1": 5.058676653357291,
    "2": 4.112133671042532,
    "3": 3.605962872432862,
    "4": 2.3945704019555736,
    "5": 16.349739023314548,
    "6": 18.77051633066414,
    "7": 15.362411712809074,
    "8": 6.8412139580544915,
    "9": 9.85158850513022,
    "10": 5.046621416518381,
    "11": 8.658118028796943
  },
  "description": "National Bidder Setup with interest in licenses A, B, C, D, E, F, G, H, I, J, K, L.",
  "allocationLimit": {
    "kind": "GoodAllocationLimit",
    "good1": [
      "918c56da-d602-4d02-af1f-f530cd66ed03",
      "a7d16d63-5bd5-4ccc-a4c4-a6e5800f3a98",
      "80f77696-a9ef-4d55-8f88-3d62ce9669a4",
      "0ba8a7c7-5d8c-4276-b6b0-045ea35d9009",
      "d5b09b1f-7ddd-4241-96f4-958352e466d2",
      "dc48a4a8-e253-414d-94e4-582bb4525329",
      "bbc46e9d-342d-4264-92d1-7a1da5861487",
      "d8ea93e4-acd4-4700-aade-00e2272eab99",
      "35ede124-1bd5-40a7-a16e-1f491154da49",
      "742354c6-fc3f-4c9d-ab58-eb7fdc2235db",
      "a49fd8e8-e31e-4914-80b9-cab69dad217a",
      "e525adaa-b495-42aa-8a96-c371f1a75c3f",
      "7d923451-b3c0-4f68-9889-29c554808880",
      "92535da3-2a30-4932-82fb-29595c4558fa",
      "109b9309-2580-438f-a861-bd2400d4ceb0",
      "c1069c09-df51-469e-9bea-af6aff5923a5",
      "4c815982-c4c5-4364-b0f3-798f7284d142",
      "ba3ffa06-3a2b-4995-bbed-dc81b8aca5ca"
    ],
    "good2": [
      "918c56da-d602-4d02-af1f-f530cd66ed03",
      "a7d16d63-5bd5-4ccc-a4c4-a6e5800f3a98",
      "80f77696-a9ef-4d55-8f88-3d62ce9669a4",
      "0ba8a7c7-5d8c-4276-b6b0-045ea35d9009",
      "d5b09b1f-7ddd-4241-96f4-958352e466d2",
      "dc48a4a8-e253-414d-94e4-582bb4525329",
      "bbc46e9d-342d-4264-92d1-7a1da5861487",
      "d8ea93e4-acd4-4700-aade-00e2272eab99",
      "35ede124-1bd5-40a7-a16e-1f491154da49",
      "742354c6-fc3f-4c9d-ab58-eb7fdc2235db",
      "a49fd8e8-e31e-4914-80b9-cab69dad217a",
      "e525adaa-b495-42aa-8a96-c371f1a75c3f"
    ],
    "numberOfItems": 0
  },
  "setupType": "National Bidder Setup",
  "uuid": "d2c86329-d4f4-4a4a-92d4-7c9a16837073",
  "population": 0,
  "id": 6,
  "worldId": 31,
  "strategies": {},
  "mipInstrumentation": {},
  "implementation": "org.spectrumauctions.sats.core.model.gsvm.GSVMBidder"
}