{
  "bidderPosition": -1,
  "values": {
    "0": 9.366755320853143,
    "1": 1.1096905969013526,
    "2": 4.739636728626454,
    "3": 3.9042610303985272,
    "4": 0.49712609734590574,
    "5": 11.970061479379481,
    "6": 19.142930945157687,
    "7": 2.2536838477769416,
    "8": 7.014341898373619,
    "9": 8.921301211918752,
    "10": 2.56053497149759,
    "11": 6.243239089605862
  },
  "description": "National Bidder Setup with interest in licenses A, B, C, D, E, F, G, H, I, J, K, L.",
  "allocationLimit": {
    "kind": "GoodAllocationLimit",
    "good1": [
      "27cb0103-64b6-430a-ab6f-035fe99b0dd5",
      "a87fb79f-b5c2-462a-80a4-425eb7e3ee86",
      "5b3f094d-2ded-4e42-aabc-24768b7d9611",
      "c242930a-d874-42ab-b7ca-8396c0f4661a",
      "bd65d88b-e664-4a1a-9217-59e54209aff5",
      "8375f755-5be0-4171-9ac2-cc31341d2851",
      "4b287a15-31ba-427f-a06b-48567a7c11b5",
      "1af6d943-908c-4cc2-885e-540643898525",
      "da55beb1-612c-466d-8811-b915699fb7ad",
      "73736603-3110-47de-a9be-928ecc555339",
      "33f759d0-51ce-4a8e-8870-c7e32650d085",
      "87a0d23c-9a8c-41c5-8728-b237b48798bd",
      "660b37b1-2fdc-44ad-8c7e-4edefc9741c6",
      "7de2674e-a1c7-42e7-9e3d-5838ab628a30",
      "78345d19-28a0-4602-b7e6-a06407fd5970",
      "22c6c84e-88a0-4ab1-aef0-d4fb3ade6721",
      "537b0096-e50c-4b05-8f2f-074ccf9f875c",
      "eda19cc8-1869-429d-b454-3da5d0469565"
    ],
    "good2": [
      "27cb0103-64b6-430a-ab6f-035fe99b0dd5",
      "a87fb79f-b5c2-462a-80a4-425eb7e3ee86",
      "5b3f094d-2ded-4e42-aabc-24768b7d9611",
      "c242930a-d874-42ab-b7ca-8396c0f4661a",
      "bd65d88b-e664-4a1a-9217-59e54209aff5",
      "8375f755-5be0-4171-9ac2-cc31341d2851",
      "4b287a15-31ba-427f-a06b-48567a7c11b5",
      "1af6d943-908c-4cc2-885e-540643898525",
      "da55beb1-612c-466d-8811-b915699fb7ad",
      "73736603-3110-47de-a9be-928ecc555339",
      "33f759d0-51ce-4a8e-8870-c7e32650d085",
      "87a0d23c-9a8c-41c5-8728-b237b48798bd"
    ],
    "numberOfItems": 0
  },
  "setupType": "National Bidder Setup",
  "uuid": "f89986ac-d492-4b92-a5ef-2a4944874049",
  "population": 0,
  "id": 6,
  "worldId": 36,
  "strategies": {},
  "mipInstrumentation": {},
  "implementation": "org.spectrumauctions.sats.core.model.gsvm.GSVMBidder"
}