{
  "bidderPosition": -1,
  "values": {
    "0": 9.366755320853143,
    "1": 1.1096905969013526,
    "2": 4.739636728626454,
    "3": 3.9042610303985272,
    "4": 0.49712609734590574,
    "5": 11.970061479379481,
    "6": 19.142930945157687,
    "7": 2.2536838477769416,
    "8": 7.014341898373619,
    "9": 8.921301211918752,
    "10": 2.56053497149759,
    "11": 6.243239089605862
  },
  "description": "National Bidder Setup with interest in licenses A, B, C, D, E, F, G, H, I, J, K, L.",
  "allocationLimit": {
    "kind": "GoodAllocationLimit",
    "good1": [
      "09de7ccb-f07f-4feb-b0e5-73c9df61e78e",
      "6d5c9ea0-bbd0-437a-8682-e36654d5e2bb",
      "7dfa028e-5201-420e-8c7d-8d6256540f47",
      "21316303-6654-4172-acad-b393a4207f4a",
      "b2121bd2-68e4-40c3-b1f8-696098d2e49b",
      "91ef971a-2be2-412b-8f62-0c697977da67",
      "01415810-05bb-4f27-a464-19e53c563244",
      "382e0b70-c136-4bd9-af99-a0851582deb0",
      "8fe8e7d5-3e02-4f19-9005-f7c0e6079345",
      "e9897a2e-6acc-469a-a2a1-0f6cf4b5ddb2",
      "ad29d1d8-4883-4850-968c-b88adc85d32a",
      "4d161ff3-640f-47a8-b981-6f68fac28742",
      "0ddf7030-f412-40cd-80e6-a19448b6e03f",
      "3209d872-01a0-42c6-ba51-4a932a75a269",
      "5d3b8c2c-b135-486e-8607-6864333deed7",
      "46c8d932-aa3c-4b0a-902a-7ee1e60d9699",
      "5d8d69f5-6a66-4f4d-80a0-dfa4c8c3e491",
      "6a19baa3-69bf-4e45-aecb-f6fd0277ef8f"
    ],
    "good2": [
      "09de7ccb-f07f-4feb-b0e5-73c9df61e78e",
      "6d5c9ea0-bbd0-437a-8682-e36654d5e2bb",
      "7dfa028e-5201-420e-8c7d-8d6256540f47",
      "21316303-6654-4172-acad-b393a4207f4a",
      "b2121bd2-68e4-40c3-b1f8-696098d2e49b",
      "91ef971a-2be2-412b-8f62-0c697977da67",
      "01415810-05bb-4f27-a464-19e53c563244",
      "382e0b70-c136-4bd9-af99-a0851582deb0",
      "8fe8e7d5-3e02-4f19-9005-f7c0e6079345",
      "e9897a2e-6acc-469a-a2a1-0f6cf4b5ddb2",
      "ad29d1d8-4883-4850-968c-b88adc85d32a",
      "4d161ff3-640f-47a8-b981-6f68fac28742"
    ],
    "numberOfItems": 0
  },
  "setupType": "National Bidder Setup",
  "uuid": "8b4a60a1-d58d-4a70-87ce-76d7946b93c6",
  "population": 0,
  "id": 6,
  "worldId": 39,
  "strategies": {},
  "mipInstrumentation": {},
  "implementation": "org.spectrumauctions.sats.core.model.gsvm.GSVMBidder"
}