{
  "bidderPosition": 5,
  "values": {
    "0": 2.771001350533766,
    "1": 1.887336495413079,
    "17": 15.288972354691667,
    "10": 19.480084253846346,
    "11": 1.9330603301866045,
    "12": 17.161612205899278
  },
  "description": "Regional Bidder Setup with interest in licenses A, B, K, L, M, R.",
  "allocationLimit": {
    "kind": "BundleSizeAllocationLimit",
    "good1": [
      "90538136-7495-4f33-ab4c-142ee51a004e",
      "2a4d8f1f-8a4e-444d-8701-5079363860c7",
      "915f0121-a624-42a4-a900-44bab947a1d7",
      "994aa8d7-bfc8-4c14-ad41-e569be37da36",
      "205fa6aa-1d63-4330-8069-e422108659fa",
      "0bfb48c5-da9b-402a-ba87-51624da8a7ae",
      "e2ca4c6e-b75d-4987-a731-dfe4d4971d3b",
      "bb75de00-2ef5-4090-9c9a-ea64ac9fe819",
      "1381bace-9e1f-4143-a48c-aad1e6ae7e8b",
      "7d0168cf-1758-43dc-bb76-4aaed578098f",
      "dbd71d54-9d35-4482-aeb4-3b822c846cbc",
      "112c76a7-e9de-47ba-95fd-fd898b989cd3",
      "856f3367-cf69-44b6-8362-2a15884f6af6",
      "0769b702-12eb-4ab4-9ae3-71b551d1743e",
      "fa144b76-9bda-4717-9f9d-85eedc2d5998",
      "0745e743-3296-4f1e-a9de-79ee00f97ea5",
      "25f63e4b-29d2-4643-90ca-588c0ffa8e99",
      "aaedfc8a-8df0-4537-b4cc-b234e2ff7a84"
    ],
    "numberOfItems": 4
  },
  "setupType": "Regional Bidder Setup",
  "uuid": "326efc08-9aa2-4861-9938-1adfd1f71b13",
  "population": 0,
  "id": 5,
  "worldId": 28,
  "strategies": {},
  "mipInstrumentation": {},
  "implementation": "org.spectrumauctions.sats.core.model.gsvm.GSVMBidder"
}