{
  "bidderPosition": -1,
  "values": {
    "0": 9.82318219706144,
    "1": 7.435289678045843,
    "2": 5.948349348332576,
    "3": 0.9595362277351505,
    "4": 15.76067923373512,
    "5": 9.30237744822216,
    "6": 17.90089391231242,
    "7": 18.2743022597965,
    "8": 8.870782121397385,
    "9": 8.424419115093032,
    "10": 0.16058160227691465,
    "11": 4.901531724290802
  },
  "description": "National Bidder Setup with interest in licenses A, B, C, D, E, F, G, H, I, J, K, L.",
  "allocationLimit": {
    "kind": "GoodAllocationLimit",
    "good1": [
      "87163950-0925-4689-b427-05f63b5a2e17",
      "14a2acc3-3b28-469c-adca-391d8b9503b5",
      "21ce5da8-161d-4c0a-a73b-15833727da2d",
      "3446bc35-7ffc-4cc8-8515-223de0ee0f95",
      "3f621a55-481d-431a-b0a0-4689cb6406c4",
      "18eb61f0-46a6-4284-9385-be9d6c5f6888",
      "629dbd42-8f84-43d0-808b-57865637364b",
      "f6b5d8f0-32d6-4d3f-a2d7-58b7f8ef7cc3",
      "86f4b98a-f099-4d27-a86e-42140849911b",
      "2b1c7bb5-0cba-477e-9b8d-c707483e2263",
      "83230f08-efd7-4b41-9e22-49d98c184455",
      "4a30b8b0-035d-4cf7-b1a8-27af6dc6c8ec",
      "e0b572b7-3ac2-4a32-9620-635b38dc02a9",
      "833f4c7b-1d08-4d88-b1ee-4cdd513d2e84",
      "76ad61a0-2c42-4ae1-b880-6f0b6c1e9813",
      "0d8c9e04-6cca-433f-a88c-804d4ac28bba",
      "b82101cb-0400-4f29-b05e-5f96213b4b72",
      "5613715f-668d-498d-937d-bbd10539c3c5"
    ],
    "good2": [
      "87163950-0925-4689-b427-05f63b5a2e17",
      "14a2acc3-3b28-469c-adca-391d8b9503b5",
      "21ce5da8-161d-4c0a-a73b-15833727da2d",
      "3446bc35-7ffc-4cc8-8515-223de0ee0f95",
      "3f621a55-481d-431a-b0a0-4689cb6406c4",
      "18eb61f0-46a6-4284-9385-be9d6c5f6888",
      "629dbd42-8f84-43d0-808b-57865637364b",
      "f6b5d8f0-32d6-4d3f-a2d7-58b7f8ef7cc3",
      "86f4b98a-f099-4d27-a86e-42140849911b",
      "2b1c7bb5-0cba-477e-9b8d-c707483e2263",
      "83230f08-efd7-4b41-9e22-49d98c184455",
      "4a30b8b0-035d-4cf7-b1a8-27af6dc6c8ec"
    ],
    "numberOfItems": 0
  },
  "setupType": "National Bidder Setup",
  "uuid": "4904045b-d970-4e29-a532-0be280c21d5a",
  "population": 0,
  "id": 6,
  "worldId": 9,
  "strategies": {},
  "mipInstrumentation": {},
  "implementation": "org.spectrumauctions.sats.core.model.gsvm.GSVMBidder"
}