{
  "bidderPosition": -1,
  "values": {
    "0": 9.82318219706144,
    "1": 7.435289678045843,
    "2": 5.948349348332576,
    "3": 0.9595362277351505,
    "4": 15.76067923373512,
    "5": 9.30237744822216,
    "6": 17.90089391231242,
    "7": 18.2743022597965,
    "8": 8.870782121397385,
    "9": 8.424419115093032,
    "10": 0.16058160227691465,
    "11": 4.901531724290802
  },
  "description": "National Bidder Setup with interest in licenses A, B, C, D, E, F, G, H, I, J, K, L.",
  "allocationLimit": {
    "kind": "GoodAllocationLimit",
    "good1": [
      "37537960-221f-4502-b9f9-012517cb5054",
      "55613240-e567-4541-b233-cb438311fee3",
      "974d1169-42ff-4694-9ba1-0c3f50c2fd6f",
      "348a35cb-1eb5-4eeb-aaf7-341ea693b17f",
      "899d6fe8-f178-4bcd-9b6e-a42fd4c07490",
      "8dfd4c9b-be39-4569-9e47-4fa5267eae35",
      "48cd5c71-1e3c-46a6-92cc-c3f6e4d0ad0f",
      "b6f9e0ee-b278-42a1-84f2-5d360d717083",
      "cc07a13c-5c5d-4440-9739-f6523e0dfc64",
      "b13a72ea-cec7-46f7-89a6-cbf4067b3a5f",
      "bb5bc7d0-c9a9-44a4-99c9-0cb263113311",
      "2a773bc1-80a6-472f-8893-08dc662424df",
      "067dd134-dd94-4a23-adb7-cf4ca03ff256",
      "2028455e-c15d-486c-ba60-db0411d73b0b",
      "bcebea06-2f31-4dca-a2e8-627f1a6ead1f",
      "2bcfde85-1dc0-46d8-8e19-b23276a9de29",
      "6f8fede6-9f82-40e0-a024-27934a785e54",
      "5c2c973f-299b-4518-9908-deed291af345"
    ],
    "good2": [
      "37537960-221f-4502-b9f9-012517cb5054",
      "55613240-e567-4541-b233-cb438311fee3",
      "974d1169-42ff-4694-9ba1-0c3f50c2fd6f",
      "348a35cb-1eb5-4eeb-aaf7-341ea693b17f",
      "899d6fe8-f178-4bcd-9b6e-a42fd4c07490",
      "8dfd4c9b-be39-4569-9e47-4fa5267eae35",
      "48cd5c71-1e3c-46a6-92cc-c3f6e4d0ad0f",
      "b6f9e0ee-b278-42a1-84f2-5d360d717083",
      "cc07a13c-5c5d-4440-9739-f6523e0dfc64",
      "b13a72ea-cec7-46f7-89a6-cbf4067b3a5f",
      "bb5bc7d0-c9a9-44a4-99c9-0cb263113311",
      "2a773bc1-80a6-472f-8893-08dc662424df"
    ],
    "numberOfItems": 0
  },
  "setupType": "National Bidder Setup",
  "uuid": "05efb4e6-4f22-4c31-9c13-d1755b4b3b9b",
  "population": 0,
  "id": 6,
  "worldId": 5,
  "strategies": {},
  "mipInstrumentation": {},
  "implementation": "org.spectrumauctions.sats.core.model.gsvm.GSVMBidder"
}