{
  "bidderPosition": -1,
  "values": {
    "0": 9.82318219706144,
    "1": 7.435289678045843,
    "2": 5.948349348332576,
    "3": 0.9595362277351505,
    "4": 15.76067923373512,
    "5": 9.30237744822216,
    "6": 17.90089391231242,
    "7": 18.2743022597965,
    "8": 8.870782121397385,
    "9": 8.424419115093032,
    "10": 0.16058160227691465,
    "11": 4.901531724290802
  },
  "description": "National Bidder Setup with interest in licenses A, B, C, D, E, F, G, H, I, J, K, L.",
  "allocationLimit": {
    "kind": "GoodAllocationLimit",
    "good1": [
      "1201487d-42de-4a1e-9832-d8f4128c8111",
      "85057dc7-5fd4-4c5e-b8b5-340f76e40434",
      "63a8fe34-0a0d-427b-a392-77d1d6ae0790",
      "a3ffd091-e52e-417c-959d-f7b2f17ed823",
      "a231fef0-b624-446b-b413-dc1bc1b08b79",
      "c8267b7a-a5f5-4e4f-a483-d5968e22928f",
      "3a6fbcf6-5152-4031-9383-914600c47777",
      "b147d656-3a5b-41fc-9564-d59d2fb3f78d",
      "6769357e-e10d-4137-9ad7-af7fbfa80fa7",
      "5fb5ce9d-d113-4e8c-a1bf-d7b4c1ba25f7",
      "d81e0608-2f2b-4c9e-8ac4-d5e492f62d40",
      "6b2d4beb-4349-45b9-bb54-b03a3c570314",
      "146642c8-c02c-454e-9d4c-d10fdb51f278",
      "ab593231-90f3-4829-a308-cf7fd6cd3d1f",
      "99595c4f-81e8-4131-b43c-18fac7dff16c",
      "78e827f7-8ddf-4251-a869-db070f54ad6a",
      "b07c7534-163c-4d49-8a74-e8334fce964b",
      "5a41e992-211e-4027-8fa7-cee6df7639c3"
    ],
    "good2": [
      "1201487d-42de-4a1e-9832-d8f4128c8111",
      "85057dc7-5fd4-4c5e-b8b5-340f76e40434",
      "63a8fe34-0a0d-427b-a392-77d1d6ae0790",
      "a3ffd091-e52e-417c-959d-f7b2f17ed823",
      "a231fef0-b624-446b-b413-dc1bc1b08b79",
      "c8267b7a-a5f5-4e4f-a483-d5968e22928f",
      "3a6fbcf6-5152-4031-9383-914600c47777",
      "b147d656-3a5b-41fc-9564-d59d2fb3f78d",
      "6769357e-e10d-4137-9ad7-af7fbfa80fa7",
      "5fb5ce9d-d113-4e8c-a1bf-d7b4c1ba25f7",
      "d81e0608-2f2b-4c9e-8ac4-d5e492f62d40",
      "6b2d4beb-4349-45b9-bb54-b03a3c570314"
    ],
    "numberOfItems": 0
  },
  "setupType": "National Bidder Setup",
  "uuid": "c7c3c0f3-a821-4a42-8446-015c86b6957c",
  "population": 0,
  "id": 6,
  "worldId": 22,
  "strategies": {},
  "mipInstrumentation": {},
  "implementation": "org.spectrumauctions.sats.core.model.gsvm.GSVMBidder"
}