{
  "bidderPosition": -1,
  "values": {
    "0": 3.6968037623695658,
    "1": 5.058676653357291,
    "2": 4.112133671042532,
    "3": 3.605962872432862,
    "4": 2.3945704019555736,
    "5": 16.349739023314548,
    "6": 18.77051633066414,
    "7": 15.362411712809074,
    "8": 6.8412139580544915,
    "9": 9.85158850513022,
    "10": 5.046621416518381,
    "11": 8.658118028796943
  },
  "description": "National Bidder Setup with interest in licenses A, B, C, D, E, F, G, H, I, J, K, L.",
  "allocationLimit": {
    "kind": "GoodAllocationLimit",
    "good1": [
      "001d1f13-d007-4a44-b803-21301ad68fb8",
      "99d6f720-62ee-4368-90b7-6d8de43dee14",
      "e016f740-5a55-43c9-8c90-fdafaa1b5a75",
      "c7a8cffe-1472-4164-8d09-0d22255850b6",
      "00fdd1b2-33bf-4e8e-9859-6f5895b902fa",
      "ce200c88-40d4-4e43-9063-4bcb4b4fbf91",
      "b62d9fae-bb8c-4767-b680-f6d57952a95f",
      "657ae8d3-a40c-4afb-967a-a39e536bcbeb",
      "966a11d0-150d-4916-8cf2-f0a4b7129c5d",
      "d5d6809a-8df6-4e2f-9d7d-8ef9f7ded1cf",
      "31e5a38e-062d-4260-a0a4-186e6e818c5e",
      "289e7c05-8b3c-4904-a7e6-17d0cc6f547a",
      "84131660-20b0-4d13-8ee4-5b7077239ccf",
      "6c298424-93dd-4402-9213-0b9854933be5",
      "7ab9d926-58f8-45fa-a5e1-1f469efa5886",
      "aa3a9e4e-3593-4901-99d6-43e1874b692e",
      "6b09cf29-157d-4dc1-8f63-ef9c008505cf",
      "0af5d011-224f-4de0-88c7-2adc865d4f84"
    ],
    "good2": [
      "001d1f13-d007-4a44-b803-21301ad68fb8",
      "99d6f720-62ee-4368-90b7-6d8de43dee14",
      "e016f740-5a55-43c9-8c90-fdafaa1b5a75",
      "c7a8cffe-1472-4164-8d09-0d22255850b6",
      "00fdd1b2-33bf-4e8e-9859-6f5895b902fa",
      "ce200c88-40d4-4e43-9063-4bcb4b4fbf91",
      "b62d9fae-bb8c-4767-b680-f6d57952a95f",
      "657ae8d3-a40c-4afb-967a-a39e536bcbeb",
      "966a11d0-150d-4916-8cf2-f0a4b7129c5d",
      "d5d6809a-8df6-4e2f-9d7d-8ef9f7ded1cf",
      "31e5a38e-062d-4260-a0a4-186e6e818c5e",
      "289e7c05-8b3c-4904-a7e6-17d0cc6f547a"
    ],
    "numberOfItems": 0
  },
  "setupType": "National Bidder Setup",
  "uuid": "16d70583-3367-4984-8329-2badcad1f959",
  "population": 0,
  "id": 6,
  "worldId": 27,
  "strategies": {},
  "mipInstrumentation": {},
  "implementation": "org.spectrumauctions.sats.core.model.gsvm.GSVMBidder"
}