{
  "bidderPosition": 1,
  "values": {
    "2": 2.9932442332963594,
    "3": 12.98030295435746,
    "4": 21.01032216764052,
    "5": 26.223865410839338,
    "13": 19.004948811803047,
    "14": 13.091928510108499
  },
  "description": "Regional Bidder Setup with interest in licenses C, D, E, F, N, O.",
  "allocationLimit": {
    "kind": "BundleSizeAllocationLimit",
    "good1": [
      "001d1f13-d007-4a44-b803-21301ad68fb8",
      "99d6f720-62ee-4368-90b7-6d8de43dee14",
      "e016f740-5a55-43c9-8c90-fdafaa1b5a75",
      "c7a8cffe-1472-4164-8d09-0d22255850b6",
      "00fdd1b2-33bf-4e8e-9859-6f5895b902fa",
      "ce200c88-40d4-4e43-9063-4bcb4b4fbf91",
      "b62d9fae-bb8c-4767-b680-f6d57952a95f",
      "657ae8d3-a40c-4afb-967a-a39e536bcbeb",
      "966a11d0-150d-4916-8cf2-f0a4b7129c5d",
      "d5d6809a-8df6-4e2f-9d7d-8ef9f7ded1cf",
      "31e5a38e-062d-4260-a0a4-186e6e818c5e",
      "289e7c05-8b3c-4904-a7e6-17d0cc6f547a",
      "84131660-20b0-4d13-8ee4-5b7077239ccf",
      "6c298424-93dd-4402-9213-0b9854933be5",
      "7ab9d926-58f8-45fa-a5e1-1f469efa5886",
      "aa3a9e4e-3593-4901-99d6-43e1874b692e",
      "6b09cf29-157d-4dc1-8f63-ef9c008505cf",
      "0af5d011-224f-4de0-88c7-2adc865d4f84"
    ],
    "numberOfItems": 4
  },
  "setupType": "Regional Bidder Setup",
  "uuid": "af836295-5823-4c55-aca3-fc1cc3367b16",
  "population": 0,
  "id": 1,
  "worldId": 27,
  "strategies": {},
  "mipInstrumentation": {},
  "implementation": "org.spectrumauctions.sats.core.model.gsvm.GSVMBidder"
}