{
  "bidderPosition": -1,
  "values": {
    "0": 3.6968037623695658,
    "1": 5.058676653357291,
    "2": 4.112133671042532,
    "3": 3.605962872432862,
    "4": 2.3945704019555736,
    "5": 16.349739023314548,
    "6": 18.77051633066414,
    "7": 15.362411712809074,
    "8": 6.8412139580544915,
    "9": 9.85158850513022,
    "10": 5.046621416518381,
    "11": 8.658118028796943
  },
  "description": "National Bidder Setup with interest in licenses A, B, C, D, E, F, G, H, I, J, K, L.",
  "allocationLimit": {
    "kind": "GoodAllocationLimit",
    "good1": [
      "b69c67e1-e36d-467b-9d1c-716c3191fe92",
      "670e171a-6540-4b44-8ccb-1f17d66a532e",
      "d53f4ef5-62a2-4806-ba20-eecba9e1d1d0",
      "1ebfc761-1a7c-4d4a-a2d6-df0318fb661e",
      "b77ed521-2c6f-48ee-a486-3e1a335fd029",
      "c78ce577-474f-431e-bb3b-aabc35c216b4",
      "3c059974-bb21-4a00-9b69-8d2f9a0f44b0",
      "718670b1-4da4-43a0-976a-f21939d93e67",
      "b0c6a35f-2e85-4bb5-b780-992b78a5b029",
      "9e6ed884-f506-4238-9ca8-983697c9ca28",
      "d6b8944b-3e83-48d2-814c-7e68234f0659",
      "78fe9d78-4d15-4e14-b432-a217ab97abeb",
      "7245d409-70b1-499d-b12a-9bc9e2b18734",
      "3094e249-698e-4716-bb0b-485cabdf756c",
      "3adceab0-66b6-451b-830a-55c805bae8e6",
      "c64e339a-3a6b-4555-a58e-a07085a0a163",
      "8310b49b-9535-40c9-b483-d0c61bf2e563",
      "91231561-5b57-47f2-b4d9-6d38f889c303"
    ],
    "good2": [
      "b69c67e1-e36d-467b-9d1c-716c3191fe92",
      "670e171a-6540-4b44-8ccb-1f17d66a532e",
      "d53f4ef5-62a2-4806-ba20-eecba9e1d1d0",
      "1ebfc761-1a7c-4d4a-a2d6-df0318fb661e",
      "b77ed521-2c6f-48ee-a486-3e1a335fd029",
      "c78ce577-474f-431e-bb3b-aabc35c216b4",
      "3c059974-bb21-4a00-9b69-8d2f9a0f44b0",
      "718670b1-4da4-43a0-976a-f21939d93e67",
      "b0c6a35f-2e85-4bb5-b780-992b78a5b029",
      "9e6ed884-f506-4238-9ca8-983697c9ca28",
      "d6b8944b-3e83-48d2-814c-7e68234f0659",
      "78fe9d78-4d15-4e14-b432-a217ab97abeb"
    ],
    "numberOfItems": 0
  },
  "setupType": "National Bidder Setup",
  "uuid": "59e0c74a-ccc8-47d9-af17-e896c63de3db",
  "population": 0,
  "id": 6,
  "worldId": 30,
  "strategies": {},
  "mipInstrumentation": {},
  "implementation": "org.spectrumauctions.sats.core.model.gsvm.GSVMBidder"
}