{
  "bidderPosition": 4,
  "values": {
    "16": 12.121288018594639,
    "17": 17.0898042835788,
    "8": 11.03763510188591,
    "9": 6.688650997386423,
    "10": 5.083950202755945,
    "11": 14.346397437986628
  },
  "description": "Regional Bidder Setup with interest in licenses I, J, K, L, Q, R.",
  "allocationLimit": {
    "kind": "BundleSizeAllocationLimit",
    "good1": [
      "b69c67e1-e36d-467b-9d1c-716c3191fe92",
      "670e171a-6540-4b44-8ccb-1f17d66a532e",
      "d53f4ef5-62a2-4806-ba20-eecba9e1d1d0",
      "1ebfc761-1a7c-4d4a-a2d6-df0318fb661e",
      "b77ed521-2c6f-48ee-a486-3e1a335fd029",
      "c78ce577-474f-431e-bb3b-aabc35c216b4",
      "3c059974-bb21-4a00-9b69-8d2f9a0f44b0",
      "718670b1-4da4-43a0-976a-f21939d93e67",
      "b0c6a35f-2e85-4bb5-b780-992b78a5b029",
      "9e6ed884-f506-4238-9ca8-983697c9ca28",
      "d6b8944b-3e83-48d2-814c-7e68234f0659",
      "78fe9d78-4d15-4e14-b432-a217ab97abeb",
      "7245d409-70b1-499d-b12a-9bc9e2b18734",
      "3094e249-698e-4716-bb0b-485cabdf756c",
      "3adceab0-66b6-451b-830a-55c805bae8e6",
      "c64e339a-3a6b-4555-a58e-a07085a0a163",
      "8310b49b-9535-40c9-b483-d0c61bf2e563",
      "91231561-5b57-47f2-b4d9-6d38f889c303"
    ],
    "numberOfItems": 4
  },
  "setupType": "Regional Bidder Setup",
  "uuid": "17f729b4-5e1b-446c-b47f-eff71b736c12",
  "population": 0,
  "id": 4,
  "worldId": 30,
  "strategies": {},
  "mipInstrumentation": {},
  "implementation": "org.spectrumauctions.sats.core.model.gsvm.GSVMBidder"
}