{
  "bidderPosition": -1,
  "values": {
    "0": 9.82318219706144,
    "1": 7.435289678045843,
    "2": 5.948349348332576,
    "3": 0.9595362277351505,
    "4": 15.76067923373512,
    "5": 9.30237744822216,
    "6": 17.90089391231242,
    "7": 18.2743022597965,
    "8": 8.870782121397385,
    "9": 8.424419115093032,
    "10": 0.16058160227691465,
    "11": 4.901531724290802
  },
  "description": "National Bidder Setup with interest in licenses A, B, C, D, E, F, G, H, I, J, K, L.",
  "allocationLimit": {
    "kind": "GoodAllocationLimit",
    "good1": [
      "eb17b493-bbc2-43e4-b7ed-5c3e15178a30",
      "c6ed1c58-7d89-468c-8f58-c58c0e7b7507",
      "314ebff4-f34c-49a3-bdd9-4c9fa311eb3e",
      "96116db7-168b-4311-8c4d-711aea96afbe",
      "af0e3a66-481e-4935-862d-23a3d5a56464",
      "87dbf93d-d94f-4438-b647-af2e28b3ba6f",
      "877929ba-03c3-4416-af06-bb5d7b359583",
      "d87f207a-648e-4fd9-b965-98bf69b84c4d",
      "3f4634e9-9273-494f-9739-37c32704afa8",
      "d2cd71ac-5fd6-4181-b692-7a96333adfd9",
      "0e7c1a37-181e-4a15-b064-45225c5986cd",
      "6fc33af9-10d1-4598-8b5f-1c44e2c51ae5",
      "a4369c64-5775-4f97-ab8a-beef5a787453",
      "e33bfd8a-9743-4e61-a019-24cbf74b99b6",
      "0a54aba0-d56d-4bca-b74b-a65489c64a77",
      "ba5919f1-c3f1-40ab-99ac-c6e99411b4d1",
      "a76fd4e9-e2e1-4cb5-9de7-87f1ca4a529a",
      "4f63810e-0da7-45ee-a17d-e5a053710f50"
    ],
    "good2": [
      "eb17b493-bbc2-43e4-b7ed-5c3e15178a30",
      "c6ed1c58-7d89-468c-8f58-c58c0e7b7507",
      "314ebff4-f34c-49a3-bdd9-4c9fa311eb3e",
      "96116db7-168b-4311-8c4d-711aea96afbe",
      "af0e3a66-481e-4935-862d-23a3d5a56464",
      "87dbf93d-d94f-4438-b647-af2e28b3ba6f",
      "877929ba-03c3-4416-af06-bb5d7b359583",
      "d87f207a-648e-4fd9-b965-98bf69b84c4d",
      "3f4634e9-9273-494f-9739-37c32704afa8",
      "d2cd71ac-5fd6-4181-b692-7a96333adfd9",
      "0e7c1a37-181e-4a15-b064-45225c5986cd",
      "6fc33af9-10d1-4598-8b5f-1c44e2c51ae5"
    ],
    "numberOfItems": 0
  },
  "setupType": "National Bidder Setup",
  "uuid": "204e68f9-8fd8-4aaf-8261-df27783eb5e7",
  "population": 0,
  "id": 6,
  "worldId": 15,
  "strategies": {},
  "mipInstrumentation": {},
  "implementation": "org.spectrumauctions.sats.core.model.gsvm.GSVMBidder"
}