{"allocation": {"0": {"good_ids": [], "value": 0.0}, "1": {"good_ids": [], "value": 0.0}, "2": {"good_ids": [5, 6, 7], "value": 113.6249936116862}, "3": {"good_ids": [], "value": 0.0}, "4": {"good_ids": [8, 9, 16], "value": 64.46818877724921}, "5": {"good_ids": [1, 11, 12, 17], "value": 91.29478075468757}, "6": {"good_ids": [], "value": 0.0}}, "total_value": 269.387963143623}