{"allocation": {"0": {"good_ids": [], "value": 0.0}, "1": {"good_ids": [13], "value": 14.615804636043714}, "2": {"good_ids": [14, 15], "value": 33.716071394496524}, "3": {"good_ids": [16], "value": 12.337768939708498}, "4": {"good_ids": [], "value": 0.0}, "5": {"good_ids": [12, 17], "value": 37.841833500186645}, "6": {"good_ids": [0, 1, 2, 3, 4, 5, 6, 7, 8, 9, 10, 11], "value": 292.34634665542814}}, "total_value": 390.85782512586354}