{"allocation": {"0": {"good_ids": [1, 2, 3, 13], "value": 74.21214282726383}, "1": {"good_ids": [], "value": 0.0}, "2": {"good_ids": [4, 5, 14, 15], "value": 149.56697899259495}, "3": {"good_ids": [6, 7, 8, 9], "value": 146.49340339483723}, "4": {"good_ids": [11, 16, 17], "value": 70.20971135515606}, "5": {"good_ids": [0, 10, 12], "value": 68.3034945929493}, "6": {"good_ids": [], "value": 0.0}}, "total_value": 508.78573116280137}