{"allocation": {"0": {"good_ids": [1, 12], "value": 39.750400519809645}, "1": {"good_ids": [2, 3, 5, 13], "value": 120.70297058863126}, "2": {"good_ids": [4, 6, 7, 14], "value": 162.42931403288122}, "3": {"good_ids": [8, 9, 15, 16], "value": 73.71435966935923}, "4": {"good_ids": [], "value": 0.0}, "5": {"good_ids": [0, 10, 11, 17], "value": 92.95235470425405}, "6": {"good_ids": [], "value": 0.0}}, "total_value": 489.54939951493543}