{"allocation": {"0": {"good_ids": [0, 1], "value": 28.797595901686922}, "1": {"good_ids": [2, 3, 5, 13], "value": 120.94079655318882}, "2": {"good_ids": [4, 14, 15], "value": 94.91830786063328}, "3": {"good_ids": [6, 7, 8, 16], "value": 142.23622768524393}, "4": {"good_ids": [9], "value": 6.390980481906503}, "5": {"good_ids": [10, 11, 12, 17], "value": 101.59937962455143}, "6": {"good_ids": [], "value": 0.0}}, "total_value": 494.8832881072109}