{"allocation": {"0": {"good_ids": [0, 2, 3, 13], "value": 63.061912835270135}, "1": {"good_ids": [], "value": 0.0}, "2": {"good_ids": [4, 5, 14, 15], "value": 109.56360678214153}, "3": {"good_ids": [6, 7, 9, 16], "value": 111.9563571432884}, "4": {"good_ids": [8, 10, 11, 17], "value": 85.10326425706202}, "5": {"good_ids": [1, 12], "value": 28.890089520375355}, "6": {"good_ids": [], "value": 0.0}}, "total_value": 398.5752305381374}