{"allocation": {"0": {"good_ids": [], "value": 0.0}, "1": {"good_ids": [], "value": 0.0}, "2": {"good_ids": [], "value": 0.0}, "3": {"good_ids": [15, 16], "value": 32.90922676562152}, "4": {"good_ids": [], "value": 0.0}, "5": {"good_ids": [12], "value": 8.869771776455394}, "6": {"good_ids": [5, 8, 11], "value": 35.46115070831057}}, "total_value": 77.24014925038749}