{"allocation": {"0": {"good_ids": [3, 13], "value": 34.409270788106646}, "1": {"good_ids": [2, 4, 5, 14], "value": 139.72882691615303}, "2": {"good_ids": [], "value": 0.0}, "3": {"good_ids": [6, 7, 9, 15], "value": 137.52240197773494}, "4": {"good_ids": [8, 10, 16, 17], "value": 103.38507318854545}, "5": {"good_ids": [0, 1, 11, 12], "value": 92.35001025630513}, "6": {"good_ids": [], "value": 0.0}}, "total_value": 507.3955831268452}