{"allocation": {"0": {"good_ids": [0, 1], "value": 37.78546831208055}, "1": {"good_ids": [2, 3, 13, 14], "value": 80.60254221398439}, "2": {"good_ids": [4, 5, 6, 7], "value": 192.23694169820783}, "3": {"good_ids": [9, 15, 16], "value": 56.118122461671454}, "4": {"good_ids": [8], "value": 12.50261350816842}, "5": {"good_ids": [10, 11, 12, 17], "value": 67.75248883892915}, "6": {"good_ids": [], "value": 0.0}}, "total_value": 446.99817703304177}