{"allocation": {"0": {"good_ids": [2, 3, 12, 13], "value": 89.39528702770374}, "1": {"good_ids": [], "value": 0.0}, "2": {"good_ids": [4, 5, 7, 14], "value": 114.31692673281425}, "3": {"good_ids": [6, 8, 9, 15], "value": 130.92704799592653}, "4": {"good_ids": [11, 16], "value": 35.76579800455128}, "5": {"good_ids": [0, 1, 10, 17], "value": 99.06661950814939}, "6": {"good_ids": [], "value": 0.0}}, "total_value": 469.47167926914517}