{"allocation": {"0": {"good_ids": [0, 1, 2, 3, 4, 5, 6, 7, 8, 11, 12, 16, 17], "value": 329.017748393323}, "1": {"good_ids": [], "value": 0.0}, "2": {"good_ids": [], "value": 0.0}, "3": {"good_ids": [], "value": 0.0}, "4": {"good_ids": [], "value": 0.0}, "5": {"good_ids": [9, 10, 13, 14, 15], "value": 164.76315761767495}}, "total_value": 493.78090601099797}