{"allocation": {"0": {"good_ids": [3, 4, 5, 7, 9, 10, 11, 13, 14, 15, 16, 17], "value": 312.4052379041631}, "1": {"good_ids": [], "value": 0.0}, "2": {"good_ids": [], "value": 0.0}, "3": {"good_ids": [0, 1, 2, 6, 8, 12], "value": 174.6709414518844}, "4": {"good_ids": [], "value": 0.0}, "5": {"good_ids": [], "value": 0.0}}, "total_value": 487.0761793560475}