{"allocation": {"0": {"good_ids": [12], "value": 7.824429065387868}, "1": {"good_ids": [], "value": 0.0}, "2": {"good_ids": [0, 1, 2, 6, 7, 8], "value": 205.27337622853554}, "3": {"good_ids": [3, 9, 10, 13, 14, 15, 16], "value": 282.1216512744609}, "4": {"good_ids": [4, 5, 11, 17], "value": 88.99888271062557}, "5": {"good_ids": [], "value": 0.0}}, "total_value": 584.2183392790099}