{"allocation": {"0": {"good_ids": [1], "value": 5.476580762658311}, "1": {"good_ids": [2, 3, 7, 8, 9, 15, 16], "value": 264.4166894290244}, "2": {"good_ids": [], "value": 0.0}, "3": {"good_ids": [4, 5, 10, 11, 17], "value": 137.75257496474012}, "4": {"good_ids": [0, 6, 12, 13, 14], "value": 120.58471729176735}, "5": {"good_ids": [], "value": 0.0}}, "total_value": 528.2305624481902}