{"allocation": {"0": {"good_ids": [], "value": 0.0}, "1": {"good_ids": [8, 9, 15, 16, 17], "value": 156.94536867454832}, "2": {"good_ids": [14], "value": 19.78108674925683}, "3": {"good_ids": [2, 3, 4, 5, 10, 11], "value": 192.96080914120287}, "4": {"good_ids": [0, 1, 6, 7, 12, 13], "value": 234.64478263260932}, "5": {"good_ids": [], "value": 0.0}}, "total_value": 604.3320471976174}