{"allocation": {"0": {"good_ids": [0, 12, 17], "value": 16.448667399262767}, "1": {"good_ids": [3, 4, 10, 11, 15, 16], "value": 195.93805270943918}, "2": {"good_ids": [5], "value": 13.892886347133205}, "3": {"good_ids": [1, 2, 6, 7, 8, 9, 13, 14], "value": 284.51769272409587}, "4": {"good_ids": [], "value": 0.0}, "5": {"good_ids": [], "value": 0.0}}, "total_value": 510.79729917993103}