{"allocation": {"0": {"good_ids": [], "value": 0.0}, "1": {"good_ids": [2, 7, 8, 9, 12, 13, 14, 15], "value": 308.588394649063}, "2": {"good_ids": [], "value": 0.0}, "3": {"good_ids": [3, 4, 5, 10, 11, 16, 17], "value": 209.47511259968547}, "4": {"good_ids": [], "value": 0.0}, "5": {"good_ids": [0, 1, 6], "value": 49.7891002747396}}, "total_value": 567.852607523488}