{"allocation": {"0": {"good_ids": [], "value": 0.0}, "1": {"good_ids": [4, 5, 9, 10, 11, 16, 17], "value": 271.31709605036673}, "2": {"good_ids": [0, 1, 2, 6, 7, 12], "value": 220.51958883432414}, "3": {"good_ids": [3], "value": 8.643676332578732}, "4": {"good_ids": [8, 13, 14, 15], "value": 85.00889755376524}, "5": {"good_ids": [], "value": 0.0}}, "total_value": 585.4892587710349}