{"allocation": {"0": {"good_ids": [6, 12], "value": 13.111856606002236}, "1": {"good_ids": [3, 4, 5, 11, 16, 17], "value": 183.72678083072924}, "2": {"good_ids": [1, 2, 8, 9, 10, 15], "value": 230.33677253964566}, "3": {"good_ids": [13, 14], "value": 34.46761882554762}, "4": {"good_ids": [], "value": 0.0}, "5": {"good_ids": [0, 7], "value": 31.847040947858055}}, "total_value": 493.49006974978283}