{
    "allocation": {
        "0": {
            "good_ids": [],
            "value": 0.0
        },
        "1": {
            "good_ids": [],
            "value": 0.0
        },
        "2": {
            "good_ids": [
                5,
                10,
                11,
                16,
                17
            ],
            "value": 166.56137596760647
        },
        "3": {
            "good_ids": [],
            "value": 0.0
        },
        "4": {
            "good_ids": [
                0,
                1,
                6,
                12,
                13,
                14
            ],
            "value": 213.95442983342812
        },
        "5": {
            "good_ids": [
                2,
                3,
                4,
                7,
                8,
                9,
                15
            ],
            "value": 239.340751245695
        }
    },
    "total_value": 619.8565570467296
}