{
  "bidderPosition": -1,
  "values": {
    "0": 9.82318219706144,
    "1": 7.435289678045843,
    "2": 5.948349348332576,
    "3": 0.9595362277351505,
    "4": 15.76067923373512,
    "5": 9.30237744822216,
    "6": 17.90089391231242,
    "7": 18.2743022597965,
    "8": 8.870782121397385,
    "9": 8.424419115093032,
    "10": 0.16058160227691465,
    "11": 4.901531724290802
  },
  "description": "National Bidder Setup with interest in licenses A, B, C, D, E, F, G, H, I, J, K, L.",
  "allocationLimit": {
    "kind": "GoodAllocationLimit",
    "good1": [
      "49c70798-b848-44ac-9e70-1a242fbe2f2c",
      "4d391840-09c0-4111-ab69-bf08729ffb92",
      "43aa04d6-2b73-4758-a3c4-88ca6a4224de",
      "e1342d01-2a95-421e-b983-f45c336c3f7e",
      "260fb153-41bd-4fa5-824c-991a0697d2b6",
      "5a5f43f6-11cf-4f69-930b-3ce0e887d556",
      "525ef8b0-a402-4456-9611-5d1796780101",
      "3089ad02-7b9d-45a8-b614-4ff15b3c2249",
      "f420e7cd-b542-4f82-807f-55b3ddcff610",
      "231e250c-42b4-47be-bff5-c14e64231d20",
      "11475512-bfd7-4ac9-b8a1-1ed496b8fe20",
      "83ae5b37-8b8f-4a13-bb84-2bac8787af76",
      "a01a538c-9ae0-4233-a958-3563b92ad07f",
      "777d5ba9-80f7-4e29-8a5e-92bd9e60c96e",
      "70c9eaa9-08c6-4e1d-8200-4ba312b8ea7c",
      "6fc3155d-3cf7-43e4-a88c-785be6059641",
      "c41f1558-1d16-4eb5-a45f-1240afd4f504",
      "0fea2702-04c7-4cad-8be3-a6469bd5d848"
    ],
    "good2": [
      "49c70798-b848-44ac-9e70-1a242fbe2f2c",
      "4d391840-09c0-4111-ab69-bf08729ffb92",
      "43aa04d6-2b73-4758-a3c4-88ca6a4224de",
      "e1342d01-2a95-421e-b983-f45c336c3f7e",
      "260fb153-41bd-4fa5-824c-991a0697d2b6",
      "5a5f43f6-11cf-4f69-930b-3ce0e887d556",
      "525ef8b0-a402-4456-9611-5d1796780101",
      "3089ad02-7b9d-45a8-b614-4ff15b3c2249",
      "f420e7cd-b542-4f82-807f-55b3ddcff610",
      "231e250c-42b4-47be-bff5-c14e64231d20",
      "11475512-bfd7-4ac9-b8a1-1ed496b8fe20",
      "83ae5b37-8b8f-4a13-bb84-2bac8787af76"
    ],
    "numberOfItems": 0
  },
  "setupType": "National Bidder Setup",
  "uuid": "20c254aa-ce7d-4adb-8479-62c90c58fd94",
  "population": 0,
  "id": 6,
  "worldId": 17,
  "strategies": {},
  "mipInstrumentation": {},
  "implementation": "org.spectrumauctions.sats.core.model.gsvm.GSVMBidder"
}