{
  "bidderPosition": -1,
  "values": {
    "0": 9.82318219706144,
    "1": 7.435289678045843,
    "2": 5.948349348332576,
    "3": 0.9595362277351505,
    "4": 15.76067923373512,
    "5": 9.30237744822216,
    "6": 17.90089391231242,
    "7": 18.2743022597965,
    "8": 8.870782121397385,
    "9": 8.424419115093032,
    "10": 0.16058160227691465,
    "11": 4.901531724290802
  },
  "description": "National Bidder Setup with interest in licenses A, B, C, D, E, F, G, H, I, J, K, L.",
  "allocationLimit": {
    "kind": "GoodAllocationLimit",
    "good1": [
      "06c61e23-a837-4241-bb0b-539d63941206",
      "2362469d-efc8-4cf4-8ea7-4309c11cfe47",
      "63d062d0-b23d-4c96-a83b-e26f914dd57c",
      "3697338b-becd-4339-9e7a-d5204e464beb",
      "f9605f3f-6e64-4221-8858-ae742eb11001",
      "21698f6e-78a1-4058-91e5-61224af5ed54",
      "25485229-46e9-4bca-bf26-e6f06236d8e5",
      "5a05c809-caad-463e-959d-7837e8758143",
      "54875b59-924b-4715-9820-9684b99ec837",
      "eac2eeaa-561a-446e-825f-390f00c841f2",
      "a82c9fff-e6d6-44ae-894e-40bd8d6e12cc",
      "96e7c724-cb63-4cd4-9938-8459f20a9b6a",
      "d3793f78-4a60-437e-aea4-ec633e8ef1aa",
      "dd679124-3271-445c-844f-ba1774f59d00",
      "1c09419b-f10d-4833-8581-57dc781ef885",
      "791951b0-ae08-4478-ad34-d331347eb586",
      "80c2bb1f-48ca-4911-9810-b648cc98ceaf",
      "b258f88e-4cb5-4338-92e9-99fb3e5828b0"
    ],
    "good2": [
      "06c61e23-a837-4241-bb0b-539d63941206",
      "2362469d-efc8-4cf4-8ea7-4309c11cfe47",
      "63d062d0-b23d-4c96-a83b-e26f914dd57c",
      "3697338b-becd-4339-9e7a-d5204e464beb",
      "f9605f3f-6e64-4221-8858-ae742eb11001",
      "21698f6e-78a1-4058-91e5-61224af5ed54",
      "25485229-46e9-4bca-bf26-e6f06236d8e5",
      "5a05c809-caad-463e-959d-7837e8758143",
      "54875b59-924b-4715-9820-9684b99ec837",
      "eac2eeaa-561a-446e-825f-390f00c841f2",
      "a82c9fff-e6d6-44ae-894e-40bd8d6e12cc",
      "96e7c724-cb63-4cd4-9938-8459f20a9b6a"
    ],
    "numberOfItems": 0
  },
  "setupType": "National Bidder Setup",
  "uuid": "d48e4f01-39c5-42d0-adf5-f09ee78bf0e8",
  "population": 0,
  "id": 6,
  "worldId": 6,
  "strategies": {},
  "mipInstrumentation": {},
  "implementation": "org.spectrumauctions.sats.core.model.gsvm.GSVMBidder"
}