{
  "bidderPosition": -1,
  "values": {
    "0": 9.82318219706144,
    "1": 7.435289678045843,
    "2": 5.948349348332576,
    "3": 0.9595362277351505,
    "4": 15.76067923373512,
    "5": 9.30237744822216,
    "6": 17.90089391231242,
    "7": 18.2743022597965,
    "8": 8.870782121397385,
    "9": 8.424419115093032,
    "10": 0.16058160227691465,
    "11": 4.901531724290802
  },
  "description": "National Bidder Setup with interest in licenses A, B, C, D, E, F, G, H, I, J, K, L.",
  "allocationLimit": {
    "kind": "GoodAllocationLimit",
    "good1": [
      "bd5941e2-e8e4-4d98-84f5-1d1e261849f7",
      "147457ae-0ce0-4e6c-8595-207f66ad60f9",
      "2e2b9305-66f2-4750-9a04-d11050377b8c",
      "9e71e871-a1f1-4042-b130-3f70f53887b1",
      "09e1afe1-18e2-4ba4-8d79-bb09de8c2ffb",
      "c0b6170d-3379-4167-a35c-f4fab1a42416",
      "f25e36b2-ae5e-4ad3-b31d-4e546a0183c8",
      "438bfa16-b638-4886-972b-c70a46471693",
      "ada30ea7-cfe3-4220-9352-36ec6704f2e7",
      "c6523544-6137-473b-a17e-5c9d34cc31a2",
      "b4b5ac27-4bfc-4846-b402-e9ddee87eb52",
      "af94fc6e-36cb-4757-bfb6-89ca3efc0a0b",
      "de3837a4-57b7-406d-9ee3-c22b8e990df7",
      "8573ace3-d16b-4983-aed7-4689e670625f",
      "02613fb9-1166-47a2-97a8-8a6759cba821",
      "152229c2-ca3f-4bac-b48f-490a8440ea58",
      "763f2d1b-b3a6-4484-8a1b-287cadc40aeb",
      "1c8560fb-e6ec-406a-9feb-8f1576f3c0de"
    ],
    "good2": [
      "bd5941e2-e8e4-4d98-84f5-1d1e261849f7",
      "147457ae-0ce0-4e6c-8595-207f66ad60f9",
      "2e2b9305-66f2-4750-9a04-d11050377b8c",
      "9e71e871-a1f1-4042-b130-3f70f53887b1",
      "09e1afe1-18e2-4ba4-8d79-bb09de8c2ffb",
      "c0b6170d-3379-4167-a35c-f4fab1a42416",
      "f25e36b2-ae5e-4ad3-b31d-4e546a0183c8",
      "438bfa16-b638-4886-972b-c70a46471693",
      "ada30ea7-cfe3-4220-9352-36ec6704f2e7",
      "c6523544-6137-473b-a17e-5c9d34cc31a2",
      "b4b5ac27-4bfc-4846-b402-e9ddee87eb52",
      "af94fc6e-36cb-4757-bfb6-89ca3efc0a0b"
    ],
    "numberOfItems": 0
  },
  "setupType": "National Bidder Setup",
  "uuid": "24b082c6-d4bc-4bc3-b5f6-a7c96bc2d163",
  "population": 0,
  "id": 6,
  "worldId": 12,
  "strategies": {},
  "mipInstrumentation": {},
  "implementation": "org.spectrumauctions.sats.core.model.gsvm.GSVMBidder"
}