{
  "bidderPosition": -1,
  "values": {
    "0": 9.82318219706144,
    "1": 7.435289678045843,
    "2": 5.948349348332576,
    "3": 0.9595362277351505,
    "4": 15.76067923373512,
    "5": 9.30237744822216,
    "6": 17.90089391231242,
    "7": 18.2743022597965,
    "8": 8.870782121397385,
    "9": 8.424419115093032,
    "10": 0.16058160227691465,
    "11": 4.901531724290802
  },
  "description": "National Bidder Setup with interest in licenses A, B, C, D, E, F, G, H, I, J, K, L.",
  "allocationLimit": {
    "kind": "GoodAllocationLimit",
    "good1": [
      "9bd98bcc-97d2-47e9-9d5f-8ad817cf8f5d",
      "ea0cb1ac-0e61-4552-8f1a-521badac234f",
      "be28a01b-9352-4edf-86cf-dfe089d21e93",
      "bf063104-29eb-46be-befb-1448cd0eeaa7",
      "75c08da4-18f1-4b55-86fc-b3b60b56d49a",
      "bc829843-4438-4ee0-b34a-9bdaaf828fcc",
      "2e1be6c6-0f44-4d43-b7dd-f09d35cb4206",
      "af377947-2f57-47ff-8dc3-145d28d84668",
      "0d4e799b-0008-49db-9309-1e0a6aef8713",
      "2d2a2318-3f03-46ba-af57-a03d0cc90e36",
      "f7aaacd0-673d-46d5-a4e1-7a0085cce901",
      "9bc48640-48ca-4591-9bf3-129baf73f36d",
      "8d706ccf-8ec2-4f2d-8083-43480f7f0c9b",
      "f633d643-8c1d-4068-8e32-268461b4309f",
      "1dabe6de-d706-4359-8b5b-9a06c09f675d",
      "cc0d45f6-51bc-42eb-8bea-30f995fb6f42",
      "7906c266-fdc6-454e-873a-60ab030209e0",
      "b9f37687-5a8c-407f-a196-53fd77e56ace"
    ],
    "good2": [
      "9bd98bcc-97d2-47e9-9d5f-8ad817cf8f5d",
      "ea0cb1ac-0e61-4552-8f1a-521badac234f",
      "be28a01b-9352-4edf-86cf-dfe089d21e93",
      "bf063104-29eb-46be-befb-1448cd0eeaa7",
      "75c08da4-18f1-4b55-86fc-b3b60b56d49a",
      "bc829843-4438-4ee0-b34a-9bdaaf828fcc",
      "2e1be6c6-0f44-4d43-b7dd-f09d35cb4206",
      "af377947-2f57-47ff-8dc3-145d28d84668",
      "0d4e799b-0008-49db-9309-1e0a6aef8713",
      "2d2a2318-3f03-46ba-af57-a03d0cc90e36",
      "f7aaacd0-673d-46d5-a4e1-7a0085cce901",
      "9bc48640-48ca-4591-9bf3-129baf73f36d"
    ],
    "numberOfItems": 0
  },
  "setupType": "National Bidder Setup",
  "uuid": "95b4fe80-b932-45f1-bacb-f418b43bf36a",
  "population": 0,
  "id": 6,
  "worldId": 8,
  "strategies": {},
  "mipInstrumentation": {},
  "implementation": "org.spectrumauctions.sats.core.model.gsvm.GSVMBidder"
}