{
  "bidderPosition": -1,
  "values": {
    "0": 9.82318219706144,
    "1": 7.435289678045843,
    "2": 5.948349348332576,
    "3": 0.9595362277351505,
    "4": 15.76067923373512,
    "5": 9.30237744822216,
    "6": 17.90089391231242,
    "7": 18.2743022597965,
    "8": 8.870782121397385,
    "9": 8.424419115093032,
    "10": 0.16058160227691465,
    "11": 4.901531724290802
  },
  "description": "National Bidder Setup with interest in licenses A, B, C, D, E, F, G, H, I, J, K, L.",
  "allocationLimit": {
    "kind": "GoodAllocationLimit",
    "good1": [
      "8ef5ac03-64c6-43d8-8cb8-6002c6e4cb45",
      "a1c2349f-fbda-4266-87f5-6e7b9d174dfb",
      "e67bee7b-e83e-4944-bd7d-358458683484",
      "001f2bb8-04ed-41db-89c9-d91f7f32b658",
      "c42025c5-b29d-4671-8823-2dcf913b94dc",
      "48c28f71-63ee-48c2-a1e5-337474a86f03",
      "55d00908-4947-4903-a1a1-ea2104eaa866",
      "7bed4f27-7146-4e48-8968-3f194a8b1623",
      "3338112e-38da-4473-a5d1-48e68f02b39c",
      "c9670a1e-0b98-498e-bc1a-16ad091788e8",
      "96f8995b-1cba-49fd-89bb-17a2784a8c07",
      "2fd3f5ee-7fde-4fe1-a489-95ebdc63c243",
      "7b7f91f0-c687-4781-b10b-d53fac4e62f0",
      "f687e3ac-6d27-46d0-8796-c26be62434c5",
      "8d322fe5-a6d5-4b5c-8f1c-860f5dafd005",
      "aa15e2fa-4f99-44fd-9983-2b406442d8bb",
      "5b254b90-20cd-4feb-830f-2b9fcc097c30",
      "bfecb10d-5de1-4af9-b82a-b4311f978f62"
    ],
    "good2": [
      "8ef5ac03-64c6-43d8-8cb8-6002c6e4cb45",
      "a1c2349f-fbda-4266-87f5-6e7b9d174dfb",
      "e67bee7b-e83e-4944-bd7d-358458683484",
      "001f2bb8-04ed-41db-89c9-d91f7f32b658",
      "c42025c5-b29d-4671-8823-2dcf913b94dc",
      "48c28f71-63ee-48c2-a1e5-337474a86f03",
      "55d00908-4947-4903-a1a1-ea2104eaa866",
      "7bed4f27-7146-4e48-8968-3f194a8b1623",
      "3338112e-38da-4473-a5d1-48e68f02b39c",
      "c9670a1e-0b98-498e-bc1a-16ad091788e8",
      "96f8995b-1cba-49fd-89bb-17a2784a8c07",
      "2fd3f5ee-7fde-4fe1-a489-95ebdc63c243"
    ],
    "numberOfItems": 0
  },
  "setupType": "National Bidder Setup",
  "uuid": "bf34405e-a782-4cbe-a3d5-4d38bee69846",
  "population": 0,
  "id": 6,
  "worldId": 45,
  "strategies": {},
  "mipInstrumentation": {},
  "implementation": "org.spectrumauctions.sats.core.model.gsvm.GSVMBidder"
}